<?xml version="1.0" encoding="UTF-8"?>
 
<beans xmlns="http://www.springframework.org/schema/beans"
	xmlns:xsi="http://www.w3.org/2001/XMLSchema-instance" 
	xmlns:tx="http://www.springframework.org/schema/tx"
	xmlns:mvc="http://www.springframework.org/schema/mvc"
	xmlns:context="http://www.springframework.org/schema/context" 
	xsi:schemaLocation="http://www.springframework.org/schema/beans 
		http://www.springframework.org/schema/beans/spring-beans.xsd
		http://www.springframework.org/schema/tx 
		http://www.springframework.org/schema/tx/spring-tx.xsd
		http://www.springframework.org/schema/mvc 
		http://www.springframework.org/schema/mvc/spring-mvc.xsd
		http://www.springframework.org/schema/context 
		http://www.springframework.org/schema/context/spring-context.xsd" >
		
	<!--  Enable Autowiring  -->
		<context:annotation-config />
		<context:component-scan base-package="com" />
		<mvc:annotation-driven />
		<mvc:resources mapping="/resources/**" location="/resources/" />
				
		 <bean id="myDataSource" class="org.apache.commons.dbcp.BasicDataSource" destroy-method="close">
			<property name="driverClassName" value="com.mysql.jdbc.Driver" />
			<property name="url" value="jdbc:mysql://localhost:3306/testdb" />
			<property name="username" value="root" />
			<property name="password" value="" />
		</bean>
		


<!-- Hibernate 4 SessionFactory Bean definition -->

	<bean id="mySessionFactory" class="org.springframework.orm.hibernate4.LocalSessionFactoryBean">
		<property name="dataSource" ref="myDataSource" />
		<property name="annotatedClasses">
			<list>
				<value>com.entities.Person</value>
			</list>
		</property>
	<!-- 	<property name="packageToScan" value="com.entities" />
		 -->
		<property name="hibernateProperties">
			<props>
				<prop key="hibernate.dialect">org.hibernate.dialect.MySQLDialect</prop>
				<prop key="hibernate.show_sql">true</prop>
				<prop key="hibernate.enable_lazy_load_no_trans">true</prop>
				<prop key="hibernate.default_schema">testdb</prop>
				<prop key="format_sql">true</prop>
				<prop key="use_sql_comments">true</prop>
			</props>
		</property>
	</bean>

	
	<bean id="personDAO" class="com.daoimpl.PersonDAOImpl">
		 <property name="sessionFactory" ref="mySessionFactory"></property> 
	</bean>
	
	<bean id="personService" class="com.servicesimpl.PersonServiceImpl">
		 <property name="personDAO" ref="personDAO"></property> 
	</bean>
	
	  
	  
	<tx:annotation-driven transaction-manager="transactionManager"/>
	
	<bean id="transactionManager" class="org.springframework.orm.hibernate4.HibernateTransactionManager">
		<property name="sessionFactory" ref="mySessionFactory" />
	</bean>
 				
</beans>